{

"number_of_time_steps" : 96 ,  //positive integer
"time_step_duration" : 30 ,    //minutes


"electricity_prices" :  [19.288583636886905, 12.424529434617128, 17.05606222909306, 31.36535713879558, 25.908523475215418, 30.008721580745128, 34.31462563570385, 42.14748926766084, 48.249602947616324, 13.231858367976654, 45.30582409257511, 38.146888992142785, 31.770080523048897, 36.006413778012956, 21.134928911839094, 40.0045582101028, 23.07624355774773, 33.73323712161012, 20.316178379126594, 22.488251500896368, 17.581143931391246, 18.053143390261734, 26.278137042482488, 19.138034086636925, 42.95175269382047, 38.73105949114178, 46.71227304484001, 44.8421256262352, 40.85807314088912, 34.84146358942856, 33.40891196036011, 18.150941666082588, 37.801640990526096, 19.107980306387724, 27.951902300402022, 19.420222778028297, 16.15762287060764, 36.19535231522023, 40.88617316902501, 29.394656685524545, 40.7874681609309, 13.768086329954672, 28.377889053372897, 36.941778436889734, 33.33973261515091, 39.747183191209885, 29.19942396994042, 22.835940480005533, 11.279603237281037, 22.967748485631585, 33.35890441384833, 40.76682427958012, 10.891959244200349, 48.26922038235859, 12.181543886957957, 37.68437269593399, 37.18913856296415, 36.718044493783594, 18.215052185670974, 39.41222285174928, 24.079369623076193, 16.265133393141898, 34.02110301936061, 47.73028214413879, 24.25752321277658, 48.25853951321102, 12.386958744636928, 49.77489049782477, 13.714663771541481, 42.98229294762616, 26.09237098308896, 47.40019715866031, 48.96883548899319, 44.9168755469043, 29.154848379731312, 47.14430011671454, 46.321229907991295, 20.461507974543743, 10.461473113546527, 23.028830704262614, 46.17375247831728, 33.0749544265886, 28.615212350425185, 38.19469111583602, 47.50006270781852, 40.73084040003073, 44.419191673549236, 43.96724394450065, 24.76715005302202, 16.38644254485063, 30.293967429877213, 34.28295515960055, 23.491780192274796, 10.964747596987818, 19.38053517674829, 22.57399215341448]
 , //euros/MWh



"thermal_plants" :
[
{
 "name" : "thf1" ,
 "production_levels" : [ 200, 400, 600 ] , //MW
 "proportionnal_cost" : 20.0 , // euros/MWh
 "startup_cost" : 800.0, // euros
 "maximum_increase_rate" : 400.0 ,  // MW/h
 "maximum_decrease_rate" : 400.0 ,  //MW/h
 "minimum_online_duration" : 180,   //minutes
 "maximum_number_of_startups" : 2   // positive integer
}

]


}
