{
  "number_of_time_steps": 96,
  "time_step_duration": 30,
  "electricity_prices": [
    41.24100315050516,
    42.372376214682916,
    53.319865422804625,
    37.34432559886574,
    60.91843266617815,
    18.42916135951453,
    6.35447900965949,
    1.969746570553234,
    4.64254438109301,
    23.702479491236346,
    52.25176016010697,
    30.208531042131415,
    48.588491441982434,
    55.50578780929886,
    60.608512341605035,
    45.65320367531106,
    38.48824203422304,
    49.890333651098345,
    83.63499274142518,
    93.27289768638259,
    124.73989750482015,
    139.363772142758606,
    125.72994370996746,
    116.47080376592039,
    97.75191599490284,
    37.153541941781505,
    63.17867822875764,
    37.04381673316251,
    30.834866415720985,
    48.27355983979432,
    56.46683560905992,
    45.45152934687117,
    47.795508083371196,
    28.30094326945528,
    44.915760624903506,
    43.36141529821092,
    63.410767341634205,
    58.00941551971917,
    55.39235142882286,
    39.14602890767392,
    49.8198084226493,
    23.13553137466869,
    5.66437008494664,
    3.813130049198314,
    0.93138795834457,
    8.533320309324218,
    41.10418785631312,
    41.280311190497954,
    46.082349981217654,
    43.01567217939453,
    48.07051605037255,
    43.33743064319679,
    30.728022563606643,
    50.19562224345208,
    45.39207996561348,
    67.7587005643222,
    83.4054271885491,
    52.69972556062307,
    54.222747237411454,
    56.522708617113395,
    38.818438559401955,
    54.71059068451146,
    47.894002473761795,
    50.91093699004323,
    54.0104163761185,
    39.73593945514124,
    55.620808209812935,
    49.81077966044153,
    43.50075423648722,
    31.445788463333713,
    53.32906484831294,
    46.81296820919096,
    44.03069219644781,
    53.04570406806979,
    59.68152681964445,
    49.192385051516226,
    48.88390291121448,
    62.34151328983202,
    39.11954851824096,
    51.077562989712106,
    50.09460893531257,
    52.312773031023,
    40.832184212624554,
    62.31086373471332,
    56.571890454886734,
    53.78799030780231,
    56.02165201106365,
    51.9292298021146,
    50.80020457457134,
    32.04360007509443,
    53.51986644101707,
    52.76461376925329,
    57.70644370413481,
    33.45525865808563,
    22.315405946485804,
    61.1875324964938
  ],
  "reservoirs": [
    {
      "water_value": 0.0410000002,
      "maximum_volume": 191062496,
      "upstream_hydroplants_ids": [],
      "downstream_hydroplants_ids": [
        0,
        1
      ],
      "initial_volume": 90754408,
      "minimum_volume": 0,
      "id": 0,
      "inflows": 2
    },
    {
      "water_value": 0.02000000,
      "maximum_volume": 2884300,
      "upstream_hydroplants_ids": [
        0,
        1
      ],
      "downstream_hydroplants_ids": [
        2,
        3
      ],
      "initial_volume": 2030991.38,
      "minimum_volume": 1179000,
      "id": 1,
      "inflows": 0.400000006
    },
    {
      "water_value": 0,
      "maximum_volume": 49458000,
      "upstream_hydroplants_ids": [
        2,
        3,
        4,
        5
      ],
      "downstream_hydroplants_ids": [
      ],
      "initial_volume": 12200002,
      "minimum_volume": 1845000,
      "id": 2,
      "inflows": 0.800000012
    },
    {
      "water_value": 0.083799998,
      "maximum_volume": 35380000,
      "upstream_hydroplants_ids": [],
      "downstream_hydroplants_ids": [
        4,
        5
      ],
      "initial_volume": 18500026,
      "minimum_volume": 1240000,
      "id": 3,
      "inflows": 0
    }
  ],
  "hydro_powerplants": [
    {
      "maximum_decrease_rate": 3333.3,
      "downstream_delay": 1,
      "id": 0,
      "operating_levels": [
        {
          "flow": 72,
          "id": 0,
          "power": 61
        }
      ],
      "maximum_increase_rate": 3333.3
    },
    {
      "maximum_decrease_rate": 2,
      "downstream_delay": 1,
      "id": 1,
      "operating_levels": [
        {
          "flow": 39,
          "id": 0,
          "power": 31
        },
        {
          "flow": 39,
          "id": 1,
          "power": 30
        },
        {
          "flow": 39,
          "id": 2,
          "power": 28
        }
      ],
      "maximum_increase_rate": 2
    },
    {
      "maximum_decrease_rate": 3333.3,
      "downstream_delay": 0,
      "id": 2,
      "operating_levels": [
        {
          "flow": 85,
          "id": 0,
          "power": 190
        }
      ],
      "maximum_increase_rate": 3333.3
    },
    {
      "maximum_decrease_rate": 15,
      "downstream_delay": 0,
      "id": 3,
      "operating_levels": [
        {
          "flow": 9.39999962,
          "id": 0,
          "power": 20
        },
        {
          "flow": 11.60000038,
          "id": 1,
          "power": 25
        },
        {
          "flow": 14.0999985,
          "id": 2,
          "power": 30
        },
        {
          "flow": 11.9000015,
          "id": 3,
          "power": 25
        },
        {
          "flow": 11,
          "id": 4,
          "power": 23
        },
        {
          "flow": 12,
          "id": 5,
          "power": 24
        }
      ],
      "maximum_increase_rate": 30
    },
    {
      "maximum_decrease_rate": 3333.3,
      "downstream_delay": 0,
      "id": 4,
      "operating_levels": [
        {
          "flow": 55,
          "id": 0,
          "power": 90
        },
        {
          "flow": 55,
          "id": 1,
          "power": 190
        },
        {
          "flow": 56,
          "id": 2,
          "power": 190
        },
        {
          "flow": 56,
          "id": 3,
          "power": 190
        }
      ],
      "maximum_increase_rate": 3333.3
    },
    {
      "maximum_decrease_rate": 3333.3,
      "downstream_delay": 0,
      "id": 5,
      "operating_levels": [
        {
          "flow": -45,
          "id": 0,
          "power": -205
        },
        {
          "flow": -40,
          "id": 1,
          "power": -205
        },
        {
          "flow": -30,
          "id": 2,
          "power": -205
        },
        {
          "flow": -20,
          "id": 3,
          "power": -205
        }
      ],
      "maximum_increase_rate": 3.334
    }
  ],
  "steps": [
    {
      "id": 0,
      "id_turb": 4,
      "id_pump": 5
    }
  ]
}
